UniqueNestID,NestSite,FullClutchSize,Initdate.Julian,AvgVegHeight,visitdate.julian,EstimatedNestAge,survive.full,WaterDepth,VegPercent.Vegetation
UTAH_3892012SouthBayWaterbirds23133,Site 2,3,156,38,180,24,0,9,7
UTAH_3892012SouthBayWaterbirds23133,Site 2,3,156,38,165,9,1,9,7
UTAH_3892012SouthBayWaterbirds23133,Site 2,3,156,38,172,16,1,9,7
UTAH_3892012SouthBayWaterbirds23407,Site 2,4,123,35,138,14.5,1,10,20
UTAH_3892012SouthBayWaterbirds23407,Site 2,4,123,35,145,21.5,0,10,20
UTAH_3892012SouthBayWaterbirds23408,Site 2,4,119,33,138,18.5,0,11,30
UTAH_3892012SouthBayWaterbirds23409,Site 2,3,125,28,138,13,1,15,15
UTAH_3892012SouthBayWaterbirds23409,Site 2,3,125,28,145,20,0,15,15
UTAH_3892012SouthBayWaterbirds23410,Site 2,5,116,28,138,21.6,0,12,10
UTAH_3892012SouthBayWaterbirds23411,Site 2,3,123,38,138,14.66666667,0,11,20
UTAH_3892012SouthBayWaterbirds23412,Site 2,3,121,29,138,16.66666667,0,11,15
UTAH_3892012SouthBayWaterbirds23413,Site 2,3,145,29,145,0,1,11,15
UTAH_3892012SouthBayWaterbirds23413,Site 2,3,145,29,165,20,0,11,15
UTAH_3892012SouthBayWaterbirds23413,Site 2,3,145,29,150,5,1,11,15
UTAH_3892012SouthBayWaterbirds23413,Site 2,3,145,29,156,11,1,11,15
UTAH_3892012SouthBayWaterbirds23414,Site 2,3,129,15,150,20.33333333,0,18,2
UTAH_3892012SouthBayWaterbirds23414,Site 2,3,129,15,138,8.333333333,1,18,2
UTAH_3892012SouthBayWaterbirds23414,Site 2,3,129,15,145,15.33333333,1,18,2
UTAH_3892012SouthBayWaterbirds23417,Site 2,4,137,21,156,19,1,11,5
UTAH_3892012SouthBayWaterbirds23417,Site 2,4,137,21,165,28,0,11,5
UTAH_3892012SouthBayWaterbirds23417,Site 2,4,137,21,150,13,1,11,5
UTAH_3892012SouthBayWaterbirds23418,Site 2,4,137,36,156,18.5,0,14,5
UTAH_3892012SouthBayWaterbirds23418,Site 2,4,137,36,145,7.5,1,14,5
UTAH_3892012SouthBayWaterbirds23418,Site 2,4,137,36,150,12.5,1,14,5
UTAH_3892012SouthBayWaterbirds23419,Site 2,3,138,25,145,6.333333333,1,25,10
UTAH_3892012SouthBayWaterbirds23419,Site 2,3,138,25,150,11.33333333,1,25,10
UTAH_3892012SouthBayWaterbirds23419,Site 2,3,138,25,156,17.33333333,0,25,10
UTAH_3892012SouthBayWaterbirds23420,Site 2,3,156,25,156,0,1,12,10
UTAH_3892012SouthBayWaterbirds23420,Site 2,3,156,25,165,9,1,12,10
UTAH_3892012SouthBayWaterbirds23421,Site 2,3,137,30,145,8,1,12,15
UTAH_3892012SouthBayWaterbirds23421,Site 2,3,137,30,150,13,0,12,15
UTAH_3892012SouthBayWaterbirds23422,Site 2,3,139,33,150,10.33333333,1,20,35
UTAH_3892012SouthBayWaterbirds23422,Site 2,3,139,33,156,16.33333333,0,20,35
UTAH_3892012SouthBayWaterbirds23422,Site 2,3,139,33,145,5.333333333,1,20,35
UTAH_3892012SouthBayWaterbirds23423,Site 2,3,143,32,150,7,0,17,25
UTAH_3892012SouthBayWaterbirds23423,Site 2,3,143,32,145,2,1,17,25
UTAH_3892012SouthBayWaterbirds23424,Site 2,3,123,28,138,15,0,17,10
UTAH_3892012SouthBayWaterbirds23425,Site 2,1,126,25,138,12,0,16,7
UTAH_3892012SouthBayWaterbirds23426,Site 2,3,122,25,138,15.33333333,0,13,7
UTAH_3892012SouthBayWaterbirds23427,Site 2,2,123,28,138,14.5,0,18,5
UTAH_3892012SouthBayWaterbirds23428,Site 2,3,121,23,138,16.33333333,0,14,7
UTAH_3892012SouthBayWaterbirds23429,Site 2,3,122,22,138,15.66666667,0,18,5
UTAH_3892012SouthBayWaterbirds23430,Site 2,2,125,15,138,13,0,16,3
UTAH_3892012SouthBayWaterbirds23431,Site 2,4,134,15,145,11,1,16,2
UTAH_3892012SouthBayWaterbirds23431,Site 2,4,134,15,150,16,1,16,2
UTAH_3892012SouthBayWaterbirds23431,Site 2,4,134,15,138,4,1,16,2
UTAH_3892012SouthBayWaterbirds23431,Site 2,4,134,15,156,22,0,16,2
UTAH_3892012SouthBayWaterbirds23432,Site 2,2,128,29,138,10,0,13,5
UTAH_3892012SouthBayWaterbirds23433,Site 2,3,122,26,138,15.66666667,0,15,3
UTAH_3892012SouthBayWaterbirds23434,Site 2,3,129,16,138,8.666666667,0,16,3
UTAH_3892012SouthBayWaterbirds23435,Site 2,4,125,20,138,13,1,15,3
UTAH_3892012SouthBayWaterbirds23435,Site 2,4,125,20,145,20,0,15,3
UTAH_3892012SouthBayWaterbirds23436,Site 2,4,120,27,138,17.75,0,16,5
UTAH_3892012SouthBayWaterbirds23437,Site 2,3,121,23,138,16.33333333,0,15,3
UTAH_3892012SouthBayWaterbirds23438,Site 2,4,119,30,138,18.25,0,15,7
UTAH_3892012SouthBayWaterbirds23439,Site 2,4,120,24,138,17.5,0,15,5
UTAH_3892012SouthBayWaterbirds23440,Site 2,3,120,22,138,17.33333333,0,15,5
UTAH_3892012SouthBayWaterbirds23441,Site 2,4,134,25,138,4,1,12,5
UTAH_3892012SouthBayWaterbirds23441,Site 2,4,134,25,145,11,1,12,5
UTAH_3892012SouthBayWaterbirds23441,Site 2,4,134,25,150,16,0,12,5
UTAH_3892012SouthBayWaterbirds23442,Site 2,1,156,25,156,0,1,12,5
UTAH_3892012SouthBayWaterbirds23442,Site 2,1,156,25,165,9,1,12,5
UTAH_3892012SouthBayWaterbirds23442,Site 2,1,156,25,172,16,0,12,5
UTAH_3892012SouthBayWaterbirds23443,Site 2,3,121,21,138,16.33333333,0,17,10
UTAH_3892012SouthBayWaterbirds23444,Site 2,4,119,20,138,18.5,0,15,5
UTAH_3892012SouthBayWaterbirds23445,Site 2,4,119,27,138,18.5,0,20,5
UTAH_3892012SouthBayWaterbirds23446,Site 2,3,122,35,138,16,0,11,5
UTAH_3892012SouthBayWaterbirds23447,Site 2,4,120,28,138,17.25,0,11,5
UTAH_3892012SouthBayWaterbirds23448,Site 2,4,119,27,138,18.25,0,17,12
UTAH_3892012SouthBayWaterbirds23449,Site 2,4,119,27,138,18.25,0,14,10
UTAH_3892012SouthBayWaterbirds23453,Site 2,4,119,25,138,18.5,0,12,10
UTAH_3892012SouthBayWaterbirds23454,Site 2,3,121,28,138,16.33333333,0,13,5
UTAH_3892012SouthBayWaterbirds23455,Site 2,3,122,20,138,16,0,15,5
UTAH_3892012SouthBayWaterbirds23456,Site 2,4,120,26,138,18,0,13,5
UTAH_3892012SouthBayWaterbirds23457,Site 2,3,123,25,138,14.66666667,0,13,10
UTAH_3892012SouthBayWaterbirds23458,Site 2,3,121,25,138,16.33333333,0,14,10
UTAH_3892012SouthBayWaterbirds23461,Site 2,2,158,29,179,20.5,0,0,15
UTAH_3892012SouthBayWaterbirds23461,Site 2,2,158,29,172,13.5,1,0,15
UTAH_3892012SouthBayWaterbirds23463,Site 2,2,159,36,172,13,0,7,10
UTAH_3892012SouthBayWaterbirds23464,Site 2,3,155,35,165,9.666666667,0,10,10
UTAH_3892012SouthBayWaterbirds23465,Site 2,3,155,30,165,9.333333333,0,8,15
UTAH_3892012SouthBayWaterbirds23466,Site 2,4,152,45,172,19.75,0,3,55
UTAH_3892012SouthBayWaterbirds23466,Site 2,4,152,45,165,12.75,1,3,55
UTAH_3892012SouthBayWaterbirds23467,Site 2,3,153,30,165,11.66666667,0,6,45
UTAH_3892012SouthBayWaterbirds23468,Site 2,3,157,27,165,8,1,8,35
UTAH_3892012SouthBayWaterbirds23468,Site 2,3,157,27,172,15,1,8,35
UTAH_3892012SouthBayWaterbirds23468,Site 2,3,157,27,179,22,0,8,35
UTAH_3892012SouthBayWaterbirds23469,Site 2,3,158,29,165,6.666666667,1,8,50
UTAH_3892012SouthBayWaterbirds23469,Site 2,3,158,29,172,13.66666667,1,8,50
UTAH_3892012SouthBayWaterbirds23469,Site 2,3,158,29,179,20.66666667,0,8,50
UTAH_3892012SouthBayWaterbirds23470,Site 2,3,155,32,165,9.666666667,1,10,8
UTAH_3892012SouthBayWaterbirds23470,Site 2,3,155,32,172,16.66666667,0,10,8
UTAH_3892012SouthBayWaterbirds23471,Site 2,3,152,33,165,13,0,10,10
UTAH_3892012SouthBayWaterbirds23472,Site 2,3,155,28,165,9.333333333,1,11,3
UTAH_3892012SouthBayWaterbirds23473,Site 2,3,160,32,165,5,1,10,40
UTAH_3892012SouthBayWaterbirds23473,Site 2,3,160,32,172,12,1,10,40
UTAH_3892012SouthBayWaterbirds23473,Site 2,3,160,32,179,19,0,10,40
UTAH_3892012SouthBayWaterbirds23474,Site 2,3,153,35,165,11.33333333,1,6,65
UTAH_3892012SouthBayWaterbirds23474,Site 2,3,153,35,172,18.33333333,0,6,65
UTAH_3892012SouthBayWaterbirds23475,Site 2,2,156,29,172,16,0,10,80
UTAH_3892012SouthBayWaterbirds23475,Site 2,2,156,29,165,9,1,10,80
UTAH_3892012SouthBayWaterbirds23476,Site 2,2,159,30,172,13,0,12,20
UTAH_3892012SouthBayWaterbirds23476,Site 2,2,159,30,165,6,1,12,20
UTAH_3892012SouthBayWaterbirds23477,Site 2,3,157,31,165,8,1,8,15
UTAH_3892012SouthBayWaterbirds23478,Site 2,3,156,27,165,9,1,9,35
UTAH_3892012SouthBayWaterbirds23479,Site 2,3,156,30,172,16,0,13,25
UTAH_3892012SouthBayWaterbirds23479,Site 2,3,156,30,165,9,1,13,25
UTAH_3892012SouthBayWaterbirds23480,Site 2,3,155,35,165,9.333333333,1,7,35
UTAH_3892012SouthBayWaterbirds23480,Site 2,3,155,35,172,16.33333333,0,7,35
UTAH_3892012SouthBayWaterbirds23481,Site 2,1,160,20,165,5,1,10,20
UTAH_3892012SouthBayWaterbirds23481,Site 2,1,160,20,172,12,0,10,20
UTAH_3892012SouthBayWaterbirds23482,Site 2,3,156,30,172,15.66666667,0,7,5
UTAH_3892012SouthBayWaterbirds23482,Site 2,3,156,30,165,8.666666667,1,7,5
UTAH_3892012SouthBayWaterbirds23483,Site 2,4,153,25,179,25.5,0,9,20
UTAH_3892012SouthBayWaterbirds23483,Site 2,4,153,25,165,11.5,1,9,20
UTAH_3892012SouthBayWaterbirds23483,Site 2,4,153,25,172,18.5,1,9,20
UTAH_3892012SouthBayWaterbirds23485,Site 2,3,156,31,165,9,1,7,15
UTAH_3892012SouthBayWaterbirds23485,Site 2,3,156,31,172,16,0,7,15
UTAH_3892012SouthBayWaterbirds23486,Site 2,4,151,46,172,20.33333333,0,9,80
UTAH_3892012SouthBayWaterbirds23486,Site 2,4,151,46,165,13.33333333,1,9,80
UTAH_3892012SouthBayWaterbirds23487,Site 2,2,156,27,165,8.5,0,12,35
UTAH_3892012SouthBayWaterbirds23488,Site 2,2,158,35,165,7,1,9,35
UTAH_3892012SouthBayWaterbirds23488,Site 2,2,158,35,172,14,0,9,35
UTAH_3892012SouthBayWaterbirds23489,Site 2,3,155,28,172,16.66666667,0,7,10
UTAH_3892012SouthBayWaterbirds23489,Site 2,3,155,28,165,9.666666667,1,7,10
UTAH_3892012SouthBayWaterbirds23490,Site 2,4,153,43,165,11.5,0,6,80
UTAH_3892012SouthBayWaterbirds23491,Site 2,3,157,30,172,14.33333333,1,3,25
UTAH_3892012SouthBayWaterbirds23491,Site 2,3,157,30,179,21.33333333,0,3,25
UTAH_3892012SouthBayWaterbirds23491,Site 2,3,157,30,165,7.333333333,1,3,25
UTAH_3892012SouthBayWaterbirds23492,Site 2,2,157,36,165,7.5,1,7,85
UTAH_3892012SouthBayWaterbirds23493,Site 2,3,152,39,165,13,1,9,75
UTAH_3892012SouthBayWaterbirds23493,Site 2,3,152,39,172,20,0,9,75
UTAH_3892012SouthBayWaterbirds23494,Site 2,3,156,40,165,9,1,7,60
UTAH_3892012SouthBayWaterbirds23495,Site 2,3,156,35,165,9,1,6,78
UTAH_3892012SouthBayWaterbirds23496,Site 2,2,157,38,165,7.5,1,4,65
UTAH_3892012SouthBayWaterbirds23497,Site 2,2,160,23,165,5,0,11,5
UTAH_3892012SouthBayWaterbirds23498,Site 2,3,156,37,165,8.333333333,1,5,50
UTAH_3892012SouthBayWaterbirds23499,Site 2,3,150,34,165,14.33333333,1,7,70
UTAH_3892012SouthBayWaterbirds23499,Site 2,3,150,34,172,21.33333333,0,7,70
UTAH_3892012SouthBayWaterbirds23500,Site 2,3,155,28,165,9.333333333,1,7,70
UTAH_3892012SouthBayWaterbirds23501,Site 2,3,160,38,165,5,1,7,75
UTAH_3892012SouthBayWaterbirds23501,Site 2,3,160,38,179,19,0,7,75
UTAH_3892012SouthBayWaterbirds23501,Site 2,3,160,38,172,12,1,7,75
UTAH_3892012SouthBayWaterbirds23502,Site 2,2,156,45,165,9,0,5,70
UTAH_3892012SouthBayWaterbirds23503,Site 2,3,155,36,165,9.333333333,1,7,15
UTAH_3892012SouthBayWaterbirds23503,Site 2,3,155,36,172,16.33333333,0,7,15
UTAH_3892012SouthBayWaterbirds23504,Site 2,3,157,28,165,8,1,13,15
UTAH_3892012SouthBayWaterbirds23504,Site 2,3,157,28,172,15,0,13,15
UTAH_3892012SouthBayWaterbirds23509,Site 2,4,124,32,142,17.75,0,19,7
UTAH_3892012SouthBayWaterbirds23510,Site 2,1,156,32,156,0,0,19,7
UTAH_3892012SouthBayWaterbirds23511,Site 2,2,128,28,142,14,0,17,2
UTAH_3892012SouthBayWaterbirds23512,Site 2,4,123,30,142,18.5,0,15,5
UTAH_3892012SouthBayWaterbirds23513,Site 2,4,123,35,142,18.75,0,17,7
UTAH_3892012SouthBayWaterbirds23514,Site 2,3,125,25,142,17,0,17,3
UTAH_3892012SouthBayWaterbirds23516,Site 2,4,123,30,142,18.5,0,15,7
UTAH_3892012SouthBayWaterbirds23517,Site 2,3,124,28,142,17.5,0,16,7
UTAH_3892012SouthBayWaterbirds23518,Site 2,3,130,23,142,11.66666667,0,17,1
UTAH_3892012SouthBayWaterbirds23519,Site 2,3,125,32,142,16.33333333,0,17,5
UTAH_3892012SouthBayWaterbirds23520,Site 2,3,126,35,142,15.66666667,0,18,2
UTAH_3892012SouthBayWaterbirds23521,Site 2,3,126,30,142,16,0,17,3
UTAH_3892012SouthBayWaterbirds23522,Site 2,3,128,28,142,13.66666667,0,NA,NA
UTAH_3892012SouthBayWaterbirds23523,Site 2,3,126,25,142,15.33333333,0,16,3
UTAH_3892012SouthBayWaterbirds23524,Site 2,4,124,35,142,18,0,18,2
UTAH_3892012SouthBayWaterbirds23525,Site 2,4,123,35,142,18.75,0,19,3
UTAH_3892012SouthBayWaterbirds23526,Site 2,3,126,35,142,16,0,18,3
UTAH_3892012SouthBayWaterbirds23527,Site 2,3,125,38,142,16.66666667,0,20,5
UTAH_3892012SouthBayWaterbirds23528,Site 2,4,123,28,142,18.5,0,21,3
UTAH_3892012SouthBayWaterbirds23529,Site 2,4,123,30,142,19,0,18,3
UTAH_3892012SouthBayWaterbirds23530,Site 2,2,127,29,142,14.5,0,18,2
UTAH_3892012SouthBayWaterbirds23531,Site 2,4,123,32,142,18.33333333,0,13,8
UTAH_3892012SouthBayWaterbirds23532,Site 2,3,120,32,142,22,1,12,8
UTAH_3892012SouthBayWaterbirds23532,Site 2,3,120,32,150,30,0,12,8
UTAH_3892012SouthBayWaterbirds23533,Site 2,3,125,29,142,16.33333333,0,12,5
UTAH_3892012SouthBayWaterbirds23534,Site 2,4,123,43,142,18.5,0,12,35
UTAH_3892012SouthBayWaterbirds23535,Site 2,3,126,31,142,15.33333333,0,12,8
UTAH_3892012SouthBayWaterbirds23536,Site 2,3,125,33,142,16.66666667,0,12,15
UTAH_3892012SouthBayWaterbirds23537,Site 2,3,126,35,142,16,0,15,10
UTAH_3892012SouthBayWaterbirds23539,Site 2,3,120,43,142,22,0,14,30
UTAH_3892012SouthBayWaterbirds23540,Site 2,4,150,43,150,0,1,14,30
UTAH_3892012SouthBayWaterbirds23540,Site 2,4,150,43,156,6,0,14,30
UTAH_3892012SouthBayWaterbirds23541,Site 2,4,118,27,142,24,0,14,25
UTAH_3892012SouthBayWaterbirds23542,Site 2,3,126,30,148,22,0,13,20
UTAH_3892012SouthBayWaterbirds23543,Site 2,4,124,32,142,17.5,0,15,15
UTAH_3892012SouthBayWaterbirds23545,Site 2,3,156,35,156,0,1,10,15
UTAH_3892012SouthBayWaterbirds23545,Site 2,3,156,35,165,9,1,10,15
UTAH_3892012SouthBayWaterbirds23545,Site 2,3,156,35,172,16,0,10,15
UTAH_3892012SouthBayWaterbirds23546,Site 2,3,156,36,156,0,1,11,25
UTAH_3892012SouthBayWaterbirds23546,Site 2,3,156,36,165,9,1,11,25
UTAH_3892012SouthBayWaterbirds23546,Site 2,3,156,36,172,16,0,11,25
UTAH_3892012SouthBayWaterbirds23547,Site 2,3,156,25,156,0,1,10,30
UTAH_3892012SouthBayWaterbirds23548,Site 2,1,156,30,156,0,0,30,10
UTAH_3892012SouthBayWaterbirds23549,Site 2,2,153,44,156,2.5,1,10,20
UTAH_3892012SouthBayWaterbirds23549,Site 2,2,153,44,165,11.5,1,10,20
UTAH_3892012SouthBayWaterbirds23549,Site 2,2,153,44,172,18.5,0,10,20
UTAH_3892012SouthBayWaterbirds23550,Site 2,1,156,39,156,0,0,11,10
UTAH_3892012SouthBayWaterbirds23551,Site 2,3,151,41,156,4.666666667,1,9,15
UTAH_3892012SouthBayWaterbirds23551,Site 2,3,151,41,165,13.66666667,1,9,15
UTAH_3892012SouthBayWaterbirds23551,Site 2,3,151,41,172,20.66666667,0,9,15
UTAH_3892012SouthBayWaterbirds23552,Site 2,3,156,23,156,0,1,8,15
UTAH_3892012SouthBayWaterbirds23552,Site 2,3,156,23,165,9,1,8,15
UTAH_3892012SouthBayWaterbirds23552,Site 2,3,156,23,172,16,0,8,15
UTAH_3892012SouthBayWaterbirds23553,Site 2,4,152,35,156,4,1,6,65
UTAH_3892012SouthBayWaterbirds23553,Site 2,4,152,35,165,13,1,6,65
UTAH_3892012SouthBayWaterbirds23553,Site 2,4,152,35,172,20,0,6,65
UTAH_3892012SouthBayWaterbirds23554,Site 2,3,152,45,156,4,1,8,10
UTAH_3892012SouthBayWaterbirds23554,Site 2,3,152,45,165,13,0,8,10
UTAH_3892012SouthBayWaterbirds23555,Site 2,3,156,32,156,0,1,10,15
UTAH_3892012SouthBayWaterbirds23555,Site 2,3,156,32,165,9,1,10,15
UTAH_3892012SouthBayWaterbirds23555,Site 2,3,156,32,172,16,0,10,15
UTAH_3892012SouthBayWaterbirds23556,Site 2,1,156,33,156,0,0,16,3
UTAH_3892012SouthBayWaterbirds23557,Site 2,2,153,28,156,3,1,16,5
UTAH_3892012SouthBayWaterbirds23558,Site 2,3,156,28,156,0,1,16,4
UTAH_3892012SouthBayWaterbirds23558,Site 2,3,156,28,165,9,1,16,4
UTAH_3892012SouthBayWaterbirds23558,Site 2,3,156,28,172,16,0,16,4
UTAH_3892012SouthBayWaterbirds23559,Site 2,3,156,27,156,0,1,12,3
UTAH_3892012SouthBayWaterbirds23559,Site 2,3,156,27,165,9,1,12,3
UTAH_3892012SouthBayWaterbirds23559,Site 2,3,156,27,172,16,0,12,3
UTAH_3892012SouthBayWaterbirds23560,Site 2,3,154,33,156,2,1,12,3
UTAH_3892012SouthBayWaterbirds23560,Site 2,3,154,33,165,11,1,12,3
UTAH_3892012SouthBayWaterbirds23560,Site 2,3,154,33,172,18,0,12,3
UTAH_3892012SouthBayWaterbirds23561,Site 2,3,152,29,156,4,1,7,45
UTAH_3892012SouthBayWaterbirds23561,Site 2,3,152,29,165,13,1,7,45
UTAH_3892012SouthBayWaterbirds23561,Site 2,3,152,29,172,20,0,7,45
UTAH_3892012SouthBayWaterbirds23566,Site 2,2,159,24,165,6,1,9,3
UTAH_3892012SouthBayWaterbirds23566,Site 2,2,159,24,172,13,0,9,3
UTAH_3892012SouthBayWaterbirds23567,Site 2,3,153,35,172,18.33333333,0,6,70
UTAH_3892012SouthBayWaterbirds23567,Site 2,3,153,35,165,11.33333333,1,6,70
UTAH_3892012SouthBayWaterbirds23568,Site 2,3,155,30,165,9.333333333,1,5,20
UTAH_3892012SouthBayWaterbirds23568,Site 2,3,155,30,172,16.33333333,0,5,20
UTAH_3892012SouthBayWaterbirds23569,Site 2,3,156,36,165,8.666666667,1,5,45
UTAH_3892012SouthBayWaterbirds23569,Site 2,3,156,36,172,15.66666667,0,5,45
UTAH_3892012SouthBayWaterbirds23570,Site 2,3,155,26,165,9.333333333,1,5,2
UTAH_3892012SouthBayWaterbirds23570,Site 2,3,155,26,172,16.33333333,0,5,2
UTAH_3892012SouthBayWaterbirds23571,Site 2,3,154,34,172,17.33333333,1,8,5
UTAH_3892012SouthBayWaterbirds23571,Site 2,3,154,34,180,25.33333333,0,8,5
UTAH_3892012SouthBayWaterbirds23571,Site 2,3,154,34,165,10.33333333,1,8,5
UTAH_3892012SouthBayWaterbirds23572,Site 2,3,156,25,165,8.333333333,0,8,5
UTAH_3892012SouthBayWaterbirds23573,Site 2,4,155,32,165,9.5,1,4,10
UTAH_3892012SouthBayWaterbirds23573,Site 2,4,155,32,172,16.5,0,4,10
UTAH_3892012SouthBayWaterbirds23574,Site 2,3,155,25,165,9.333333333,1,8,5
UTAH_3892012SouthBayWaterbirds23574,Site 2,3,155,25,172,16.33333333,1,8,5
UTAH_3892012SouthBayWaterbirds23575,Site 2,3,156,36,172,16,0,3,50
UTAH_3892012SouthBayWaterbirds23575,Site 2,3,156,36,165,9,1,3,50
UTAH_3892012SouthBayWaterbirds23576,Site 2,3,155,38,165,9.333333333,1,8,75
UTAH_3892012SouthBayWaterbirds23576,Site 2,3,155,38,172,16.33333333,0,8,75
UTAH_3892012SouthBayWaterbirds23577,Site 2,3,156,35,165,9,1,2,15
UTAH_3892012SouthBayWaterbirds23577,Site 2,3,156,35,172,16,0,2,15
UTAH_3892012SouthBayWaterbirds23578,Site 2,3,157,36,165,7.333333333,1,7,20
UTAH_3892012SouthBayWaterbirds23578,Site 2,3,157,36,172,14.33333333,0,7,20
UTAH_3892012SouthBayWaterbirds23579,Site 2,2,158,31,165,7,1,7,15
UTAH_3892012SouthBayWaterbirds23579,Site 2,2,158,31,172,14,0,7,15
UTAH_3892012SouthBayWaterbirds23580,Site 2,2,158,40,165,6.5,0,11,12
UTAH_3892012SouthBayWaterbirds23581,Site 2,3,156,35,165,8.333333333,1,10,12
UTAH_3892012SouthBayWaterbirds23581,Site 2,3,156,35,172,15.33333333,0,10,12
UTAH_3892012SouthBayWaterbirds23583,Site 2,2,158,35,165,7,0,9,5
UTAH_3892012SouthBayWaterbirds23584,Site 2,3,155,33,172,16.33333333,0,13,5
UTAH_3892012SouthBayWaterbirds23584,Site 2,3,155,33,165,9.333333333,1,13,5
UTAH_3892012SouthBayWaterbirds23588,Site 2,2,158,38,172,13.5,0,10,10
UTAH_3892012SouthBayWaterbirds23588,Site 2,2,158,38,165,6.5,1,10,10
UTAH_3892012SouthBayWaterbirds23589,Site 2,2,160,34,165,5,0,12,30
UTAH_3892012SouthBayWaterbirds23591,Site 2,3,157,35,165,7.666666667,1,13,15
UTAH_3892012SouthBayWaterbirds23591,Site 2,3,157,35,172,14.66666667,0,13,15
UTAH_3892012SouthBayWaterbirds23592,Site 2,3,158,29,165,6.666666667,1,9,8
UTAH_3892012SouthBayWaterbirds23592,Site 2,3,158,29,172,13.66666667,0,9,8
UTAH_3892012SouthBayWaterbirds23593,Site 2,3,157,25,165,8,1,5,25
UTAH_3892012SouthBayWaterbirds23593,Site 2,3,157,25,172,15,1,5,25
UTAH_3892012SouthBayWaterbirds23593,Site 2,3,157,25,180,23,0,5,25
UTAH_3892012SouthBayWaterbirds23594,Site 2,3,156,55,172,15.33333333,1,2,70
UTAH_3892012SouthBayWaterbirds23594,Site 2,3,156,55,180,23.33333333,0,2,70
UTAH_3892012SouthBayWaterbirds23594,Site 2,3,156,55,165,8.333333333,1,2,70
UTAH_3892012SouthBayWaterbirds23595,Site 2,3,155,55,172,16.33333333,0,10,60
UTAH_3892012SouthBayWaterbirds23595,Site 2,3,155,55,165,9.333333333,1,10,60
UTAH_3892012SouthBayWaterbirds23596,Site 2,3,157,35,165,7.666666667,0,4,40
UTAH_3892012SouthBayWaterbirds23265,Site 1,4,124,34,137,13,1,11,3
UTAH_3892012SouthBayWaterbirds23265,Site 1,4,124,34,144,20,0,11,3
UTAH_3892012SouthBayWaterbirds23265,Site 1,4,124,34,124,0,1,11,3
UTAH_3892012SouthBayWaterbirds23265,Site 1,4,124,34,130,6,1,11,3
UTAH_3892012SouthBayWaterbirds23266,Site 1,3,124,30,137,13,1,11.5,3
UTAH_3892012SouthBayWaterbirds23266,Site 1,3,124,30,144,20,0,11.5,3
UTAH_3892012SouthBayWaterbirds23266,Site 1,3,124,30,124,0,1,11.5,3
UTAH_3892012SouthBayWaterbirds23266,Site 1,3,124,30,130,6,1,11.5,3
UTAH_3892012SouthBayWaterbirds23267,Site 1,2,124,18,124,0,1,8,4
UTAH_3892012SouthBayWaterbirds23267,Site 1,2,124,18,130,6,1,8,4
UTAH_3892012SouthBayWaterbirds23267,Site 1,2,124,18,144,20,0,8,4
UTAH_3892012SouthBayWaterbirds23267,Site 1,2,124,18,137,13,1,8,4
UTAH_3892012SouthBayWaterbirds23268,Site 1,4,124,26,137,13,0,10.5,4
UTAH_3892012SouthBayWaterbirds23268,Site 1,4,124,26,130,6,1,10.5,4
UTAH_3892012SouthBayWaterbirds23268,Site 1,4,124,26,124,0,1,10.5,4
UTAH_3892012SouthBayWaterbirds23269,Site 1,4,124,27,124,0,1,11,3
UTAH_3892012SouthBayWaterbirds23269,Site 1,4,124,27,130,6,1,11,3
UTAH_3892012SouthBayWaterbirds23269,Site 1,4,124,27,137,13,0,11,3
UTAH_3892012SouthBayWaterbirds23270,Site 1,4,124,25,124,0,1,13,3
UTAH_3892012SouthBayWaterbirds23270,Site 1,4,124,25,144,20,0,13,3
UTAH_3892012SouthBayWaterbirds23270,Site 1,4,124,25,130,6,1,13,3
UTAH_3892012SouthBayWaterbirds23270,Site 1,4,124,25,137,13,1,13,3
UTAH_3892012SouthBayWaterbirds23271,Site 1,5,124,41,137,13,1,12,7
UTAH_3892012SouthBayWaterbirds23271,Site 1,5,124,41,144,20,0,12,7
UTAH_3892012SouthBayWaterbirds23271,Site 1,5,124,41,130,6,1,12,7
UTAH_3892012SouthBayWaterbirds23271,Site 1,5,124,41,124,0,1,12,7
UTAH_3892012SouthBayWaterbirds23272,Site 1,4,126,37,130,4,1,10,10
UTAH_3892012SouthBayWaterbirds23272,Site 1,4,126,37,137,11,1,10,10
UTAH_3892012SouthBayWaterbirds23272,Site 1,4,126,37,144,18,0,10,10
UTAH_3892012SouthBayWaterbirds23273,Site 1,3,124,30,144,19.66666667,0,9,7
UTAH_3892012SouthBayWaterbirds23273,Site 1,3,124,30,130,5.666666667,1,9,7
UTAH_3892012SouthBayWaterbirds23273,Site 1,3,124,30,137,12.66666667,1,9,7
UTAH_3892012SouthBayWaterbirds23274,Site 1,3,125,32,144,18.66666667,0,13,10
UTAH_3892012SouthBayWaterbirds23274,Site 1,3,125,32,137,11.66666667,1,13,10
UTAH_3892012SouthBayWaterbirds23274,Site 1,3,125,32,130,4.666666667,1,13,10
UTAH_3892012SouthBayWaterbirds23275,Site 1,3,124,26,130,5.666666667,1,8,10
UTAH_3892012SouthBayWaterbirds23275,Site 1,3,124,26,137,12.66666667,0,8,10
UTAH_3892012SouthBayWaterbirds23276,Site 1,3,124,38,130,6,1,9,15
UTAH_3892012SouthBayWaterbirds23276,Site 1,3,124,38,137,13,0,9,15
UTAH_3892012SouthBayWaterbirds23277,Site 1,2,126,34,137,10.5,1,8,8
UTAH_3892012SouthBayWaterbirds23277,Site 1,2,126,34,144,17.5,0,8,8
UTAH_3892012SouthBayWaterbirds23277,Site 1,2,126,34,130,3.5,1,8,8
UTAH_3892012SouthBayWaterbirds23278,Site 1,4,126,38,137,11,1,11,8
UTAH_3892012SouthBayWaterbirds23278,Site 1,4,126,38,144,18,0,11,8
UTAH_3892012SouthBayWaterbirds23278,Site 1,4,126,38,130,4,1,11,8
UTAH_3892012SouthBayWaterbirds23279,Site 1,4,123,37,137,13.33333333,1,7,10
UTAH_3892012SouthBayWaterbirds23279,Site 1,4,123,37,144,20.33333333,0,7,10
UTAH_3892012SouthBayWaterbirds23279,Site 1,4,123,37,130,6.333333333,1,7,10
UTAH_3892012SouthBayWaterbirds23280,Site 1,4,128,24,130,2,1,6,10
UTAH_3892012SouthBayWaterbirds23280,Site 1,4,128,24,137,9,1,6,10
UTAH_3892012SouthBayWaterbirds23280,Site 1,4,128,24,144,16,0,6,10
UTAH_3892012SouthBayWaterbirds23281,Site 1,6,122,16,137,15,1,6,15
UTAH_3892012SouthBayWaterbirds23281,Site 1,6,122,16,144,22,1,6,15
UTAH_3892012SouthBayWaterbirds23281,Site 1,6,122,16,130,8,1,6,15
UTAH_3892012SouthBayWaterbirds23281,Site 1,6,122,16,151,29,0,6,15
UTAH_3892012SouthBayWaterbirds23282,Site 1,3,128,32,137,9,1,11,8
UTAH_3892012SouthBayWaterbirds23282,Site 1,3,128,32,144,16,1,11,8
UTAH_3892012SouthBayWaterbirds23282,Site 1,3,128,32,130,2,1,11,8
UTAH_3892012SouthBayWaterbirds23282,Site 1,3,128,32,151,23,0,11,8
UTAH_3892012SouthBayWaterbirds23283,Site 1,3,124,44,130,5.666666667,1,9,20
UTAH_3892012SouthBayWaterbirds23283,Site 1,3,124,44,137,12.66666667,1,9,20
UTAH_3892012SouthBayWaterbirds23283,Site 1,3,124,44,144,19.66666667,0,9,20
UTAH_3892012SouthBayWaterbirds23284,Site 1,3,124,34,137,12.66666667,1,13,4
UTAH_3892012SouthBayWaterbirds23284,Site 1,3,124,34,144,19.66666667,0,13,4
UTAH_3892012SouthBayWaterbirds23284,Site 1,3,124,34,130,5.666666667,1,13,4
UTAH_3892012SouthBayWaterbirds23285,Site 1,3,123,27,144,20.66666667,0,9,10
UTAH_3892012SouthBayWaterbirds23285,Site 1,3,123,27,130,6.666666667,1,9,10
UTAH_3892012SouthBayWaterbirds23285,Site 1,3,123,27,137,13.66666667,1,9,10
UTAH_3892012SouthBayWaterbirds23286,Site 1,4,119,40,144,24.5,0,10,8
UTAH_3892012SouthBayWaterbirds23286,Site 1,4,119,40,130,10.5,1,10,8
UTAH_3892012SouthBayWaterbirds23286,Site 1,4,119,40,137,17.5,1,10,8
UTAH_3892012SouthBayWaterbirds23287,Site 1,3,123,16,130,6.666666667,1,13,15
UTAH_3892012SouthBayWaterbirds23287,Site 1,3,123,16,137,13.66666667,0,13,15
UTAH_3892012SouthBayWaterbirds23288,Site 1,3,128,34,130,2,1,8,8
UTAH_3892012SouthBayWaterbirds23288,Site 1,3,128,34,137,9,1,8,8
UTAH_3892012SouthBayWaterbirds23288,Site 1,3,128,34,144,16,0,8,8
UTAH_3892012SouthBayWaterbirds23289,Site 1,3,124,58,130,5.666666667,1,11,20
UTAH_3892012SouthBayWaterbirds23289,Site 1,3,124,58,137,12.66666667,1,11,20
UTAH_3892012SouthBayWaterbirds23289,Site 1,3,124,58,144,19.66666667,0,11,20
UTAH_3892012SouthBayWaterbirds23290,Site 1,4,122,25,137,14.75,1,20,7
UTAH_3892012SouthBayWaterbirds23290,Site 1,4,122,25,144,21.75,0,20,7
UTAH_3892012SouthBayWaterbirds23291,Site 1,3,125,52,130,4.333333333,0,7,15
UTAH_3892012SouthBayWaterbirds23292,Site 1,3,124,19,124,0,1,13,10
UTAH_3892012SouthBayWaterbirds23292,Site 1,3,124,19,144,20,0,13,10
UTAH_3892012SouthBayWaterbirds23292,Site 1,3,124,19,130,6,1,13,10
UTAH_3892012SouthBayWaterbirds23292,Site 1,3,124,19,137,13,1,13,10
UTAH_3892012SouthBayWaterbirds23293,Site 1,3,124,15,137,13,1,13,15
UTAH_3892012SouthBayWaterbirds23293,Site 1,3,124,15,144,20,0,13,15
UTAH_3892012SouthBayWaterbirds23293,Site 1,3,124,15,124,0,1,13,15
UTAH_3892012SouthBayWaterbirds23293,Site 1,3,124,15,130,6,1,13,15
UTAH_3892012SouthBayWaterbirds23294,Site 1,4,124,19,137,13,1,7,20
UTAH_3892012SouthBayWaterbirds23294,Site 1,4,124,19,144,20,0,7,20
UTAH_3892012SouthBayWaterbirds23294,Site 1,4,124,19,130,6,1,7,20
UTAH_3892012SouthBayWaterbirds23294,Site 1,4,124,19,124,0,1,7,20
UTAH_3892012SouthBayWaterbirds23295,Site 1,3,124,18,137,13,1,5,20
UTAH_3892012SouthBayWaterbirds23295,Site 1,3,124,18,144,20,0,5,20
UTAH_3892012SouthBayWaterbirds23295,Site 1,3,124,18,124,0,1,5,20
UTAH_3892012SouthBayWaterbirds23295,Site 1,3,124,18,130,6,1,5,20
UTAH_3892012SouthBayWaterbirds23296,Site 1,4,122,25,130,8,1,10,15
UTAH_3892012SouthBayWaterbirds23296,Site 1,4,122,25,137,15,0,10,15
UTAH_3892012SouthBayWaterbirds23296,Site 1,4,122,25,124,2,1,10,15
UTAH_3892012SouthBayWaterbirds23297,Site 1,3,124,35,130,6,0,10,10
UTAH_3892012SouthBayWaterbirds23297,Site 1,3,124,35,124,0,1,10,10
UTAH_3892012SouthBayWaterbirds23298,Site 1,4,124,40,124,0,1,10.5,10
UTAH_3892012SouthBayWaterbirds23298,Site 1,4,124,40,130,6,0,10.5,10
UTAH_3892012SouthBayWaterbirds23299,Site 1,3,124,60,124,0,1,14,15
UTAH_3892012SouthBayWaterbirds23299,Site 1,3,124,60,144,20,0,14,15
UTAH_3892012SouthBayWaterbirds23299,Site 1,3,124,60,130,6,1,14,15
UTAH_3892012SouthBayWaterbirds23299,Site 1,3,124,60,137,13,1,14,15
UTAH_3892012SouthBayWaterbirds23300,Site 1,4,124,30,137,13,1,14,5
UTAH_3892012SouthBayWaterbirds23300,Site 1,4,124,30,144,20,0,14,5
UTAH_3892012SouthBayWaterbirds23300,Site 1,4,124,30,124,0,1,14,5
UTAH_3892012SouthBayWaterbirds23300,Site 1,4,124,30,130,6,1,14,5
UTAH_3892012SouthBayWaterbirds23301,Site 1,3,124,25,137,13,1,10.5,10
UTAH_3892012SouthBayWaterbirds23301,Site 1,3,124,25,144,20,0,10.5,10
UTAH_3892012SouthBayWaterbirds23301,Site 1,3,124,25,124,0,1,10.5,10
UTAH_3892012SouthBayWaterbirds23301,Site 1,3,124,25,130,6,1,10.5,10
UTAH_3892012SouthBayWaterbirds23302,Site 1,3,124,35,130,6,0,10,15
UTAH_3892012SouthBayWaterbirds23302,Site 1,3,124,35,124,0,1,10,15
UTAH_3892012SouthBayWaterbirds23303,Site 1,4,124,35,137,13,1,11.5,10
UTAH_3892012SouthBayWaterbirds23303,Site 1,4,124,35,144,20,0,11.5,10
UTAH_3892012SouthBayWaterbirds23303,Site 1,4,124,35,124,0,1,11.5,10
UTAH_3892012SouthBayWaterbirds23303,Site 1,4,124,35,130,6,1,11.5,10
UTAH_3892012SouthBayWaterbirds23304,Site 1,4,124,25,124,0,1,10.5,8
UTAH_3892012SouthBayWaterbirds23304,Site 1,4,124,25,130,6,1,10.5,8
UTAH_3892012SouthBayWaterbirds23304,Site 1,4,124,25,137,13,0,10.5,8
UTAH_3892012SouthBayWaterbirds23305,Site 1,3,124,33,124,0,1,13,5
UTAH_3892012SouthBayWaterbirds23305,Site 1,3,124,33,130,6,1,13,5
UTAH_3892012SouthBayWaterbirds23305,Site 1,3,124,33,144,20,0,13,5
UTAH_3892012SouthBayWaterbirds23305,Site 1,3,124,33,137,13,1,13,5
UTAH_3892012SouthBayWaterbirds23306,Site 1,4,124,33,130,6,0,10.5,4
UTAH_3892012SouthBayWaterbirds23306,Site 1,4,124,33,124,0,1,10.5,4
UTAH_3892012SouthBayWaterbirds23307,Site 1,4,124,40,137,13,1,15.5,7
UTAH_3892012SouthBayWaterbirds23307,Site 1,4,124,40,144,20,0,15.5,7
UTAH_3892012SouthBayWaterbirds23307,Site 1,4,124,40,124,0,1,15.5,7
UTAH_3892012SouthBayWaterbirds23307,Site 1,4,124,40,130,6,1,15.5,7
UTAH_3892012SouthBayWaterbirds23308,Site 1,3,124,30,130,6,1,11.5,5
UTAH_3892012SouthBayWaterbirds23308,Site 1,3,124,30,137,13,1,11.5,5
UTAH_3892012SouthBayWaterbirds23308,Site 1,3,124,30,124,0,1,11.5,5
UTAH_3892012SouthBayWaterbirds23308,Site 1,3,124,30,144,20,0,11.5,5
UTAH_3892012SouthBayWaterbirds23309,Site 1,4,124,30,130,6,1,12.5,5
UTAH_3892012SouthBayWaterbirds23309,Site 1,4,124,30,137,13,1,12.5,5
UTAH_3892012SouthBayWaterbirds23309,Site 1,4,124,30,124,0,1,12.5,5
UTAH_3892012SouthBayWaterbirds23309,Site 1,4,124,30,144,20,0,12.5,5
UTAH_3892012SouthBayWaterbirds23310,Site 1,4,124,47,124,0,1,10,7
UTAH_3892012SouthBayWaterbirds23310,Site 1,4,124,47,130,6,1,10,7
UTAH_3892012SouthBayWaterbirds23310,Site 1,4,124,47,151,27,0,10,7
UTAH_3892012SouthBayWaterbirds23310,Site 1,4,124,47,137,13,1,10,7
UTAH_3892012SouthBayWaterbirds23310,Site 1,4,124,47,144,20,1,10,7
UTAH_3892012SouthBayWaterbirds23311,Site 1,3,146,35,151,5,1,14,20
UTAH_3892012SouthBayWaterbirds23311,Site 1,3,146,35,158,12,0,14,20
UTAH_3892012SouthBayWaterbirds23312,Site 1,3,152,42,158,5.666666667,1,14,10
UTAH_3892012SouthBayWaterbirds23312,Site 1,3,152,42,165,12.66666667,0,14,10
UTAH_3892012SouthBayWaterbirds23313,Site 1,3,151,47,165,13.66666667,0,10,8
UTAH_3892012SouthBayWaterbirds23313,Site 1,3,151,47,158,6.666666667,1,10,8
UTAH_3892012SouthBayWaterbirds23314,Site 1,1,165,47,165,0,0,NA,15
UTAH_3892012SouthBayWaterbirds23315,Site 1,1,165,40,165,0,0,13,10
UTAH_3892012SouthBayWaterbirds23316,Site 1,1,164,37,165,1,0,9,8
UTAH_3892012SouthBayWaterbirds23317,Site 1,2,162,45,165,2.5,0,8,10
UTAH_3892012SouthBayWaterbirds23318,Site 1,2,165,39,165,0,1,6,5
UTAH_3892012SouthBayWaterbirds23318,Site 1,2,165,39,172,7,0,6,5
UTAH_3892012SouthBayWaterbirds23319,Site 1,1,164,38,165,1,0,14,15
UTAH_3892012SouthBayWaterbirds23320,Site 1,1,164,42,165,1,1,11,15
UTAH_3892012SouthBayWaterbirds23320,Site 1,1,164,42,172,8,0,11,15
UTAH_3892012SouthBayWaterbirds23321,Site 1,2,162,55,165,3,0,15,20
UTAH_3892012SouthBayWaterbirds23322,Site 1,1,164,43,165,1,0,11,15
UTAH_3892012SouthBayWaterbirds23323,Site 1,1,145,45,158,13,0,12,8
UTAH_3892012SouthBayWaterbirds23324,Site 1,4,120,39,130,10,1,5,35
UTAH_3892012SouthBayWaterbirds23324,Site 1,4,120,39,137,17,1,5,35
UTAH_3892012SouthBayWaterbirds23324,Site 1,4,120,39,124,4,1,5,35
UTAH_3892012SouthBayWaterbirds23324,Site 1,4,120,39,144,24,0,5,35
UTAH_3892012SouthBayWaterbirds23325,Site 1,4,120,46,124,4,1,5,40
UTAH_3892012SouthBayWaterbirds23325,Site 1,4,120,46,130,10,1,5,40
UTAH_3892012SouthBayWaterbirds23325,Site 1,4,120,46,137,17,1,5,40
UTAH_3892012SouthBayWaterbirds23325,Site 1,4,120,46,144,24,0,5,40
UTAH_3892012SouthBayWaterbirds23327,Site 1,4,124,53,137,13,1,2,25
UTAH_3892012SouthBayWaterbirds23327,Site 1,4,124,53,144,20,0,2,25
UTAH_3892012SouthBayWaterbirds23327,Site 1,4,124,53,130,6,1,2,25
UTAH_3892012SouthBayWaterbirds23327,Site 1,4,124,53,124,0,1,2,25
UTAH_3892012SouthBayWaterbirds23328,Site 1,3,117,30,124,6.666666667,0,8,30
UTAH_3892012SouthBayWaterbirds23330,Site 1,5,124,39,137,13,1,4,65
UTAH_3892012SouthBayWaterbirds23330,Site 1,5,124,39,144,20,0,4,65
UTAH_3892012SouthBayWaterbirds23330,Site 1,5,124,39,124,0,1,4,65
UTAH_3892012SouthBayWaterbirds23330,Site 1,5,124,39,130,6,1,4,65
UTAH_3892012SouthBayWaterbirds23331,Site 1,3,122,32,137,15,1,3,30
UTAH_3892012SouthBayWaterbirds23331,Site 1,3,122,32,144,22,1,3,30
UTAH_3892012SouthBayWaterbirds23331,Site 1,3,122,32,151,29,0,3,30
UTAH_3892012SouthBayWaterbirds23331,Site 1,3,122,32,130,8,1,3,30
UTAH_3892012SouthBayWaterbirds23331,Site 1,3,122,32,124,2,1,3,30
UTAH_3892012SouthBayWaterbirds23332,Site 1,1,144,32,144,0,1,3,30
UTAH_3892012SouthBayWaterbirds23332,Site 1,1,144,32,151,7,0,3,30
UTAH_3892012SouthBayWaterbirds23333,Site 1,3,124,36,137,13,1,5,25
UTAH_3892012SouthBayWaterbirds23333,Site 1,3,124,36,144,20,0,5,25
UTAH_3892012SouthBayWaterbirds23333,Site 1,3,124,36,124,0,1,5,25
UTAH_3892012SouthBayWaterbirds23333,Site 1,3,124,36,130,6,1,5,25
UTAH_3892012SouthBayWaterbirds23334,Site 1,3,124,49,130,6,0,8,15
UTAH_3892012SouthBayWaterbirds23334,Site 1,3,124,49,124,0,1,8,15
UTAH_3892012SouthBayWaterbirds23335,Site 1,3,124,43,124,0,1,6.5,5
UTAH_3892012SouthBayWaterbirds23335,Site 1,3,124,43,130,6,0,6.5,5
UTAH_3892012SouthBayWaterbirds23336,Site 1,4,124,42,124,0,1,11.5,10
UTAH_3892012SouthBayWaterbirds23336,Site 1,4,124,42,144,20,1,11.5,10
UTAH_3892012SouthBayWaterbirds23336,Site 1,4,124,42,151,27,0,11.5,10
UTAH_3892012SouthBayWaterbirds23336,Site 1,4,124,42,130,6,1,11.5,10
UTAH_3892012SouthBayWaterbirds23336,Site 1,4,124,42,137,13,1,11.5,10
UTAH_3892012SouthBayWaterbirds23337,Site 1,4,126,40,137,11,1,0,30
UTAH_3892012SouthBayWaterbirds23337,Site 1,4,126,40,144,18,0,0,30
UTAH_3892012SouthBayWaterbirds23337,Site 1,4,126,40,130,4,1,0,30
UTAH_3892012SouthBayWaterbirds23338,Site 1,3,124,35,144,19.33333333,0,0,30
UTAH_3892012SouthBayWaterbirds23338,Site 1,3,124,35,130,5.333333333,1,0,30
UTAH_3892012SouthBayWaterbirds23338,Site 1,3,124,35,137,12.33333333,1,0,30
UTAH_3892012SouthBayWaterbirds23339,Site 1,4,126,40,137,11,1,0,35
UTAH_3892012SouthBayWaterbirds23339,Site 1,4,126,40,144,18,0,0,35
UTAH_3892012SouthBayWaterbirds23339,Site 1,4,126,40,130,4,1,0,35
UTAH_3892012SouthBayWaterbirds23340,Site 1,3,128,30,144,16,0,8,30
UTAH_3892012SouthBayWaterbirds23340,Site 1,3,128,30,137,9,1,8,30
UTAH_3892012SouthBayWaterbirds23340,Site 1,3,128,30,130,2,1,8,30
UTAH_3892012SouthBayWaterbirds23341,Site 1,3,122,25,130,7.666666667,0,8,15
UTAH_3892012SouthBayWaterbirds23342,Site 1,3,128,25,137,9,1,0,30
UTAH_3892012SouthBayWaterbirds23342,Site 1,3,128,25,144,16,0,0,30
UTAH_3892012SouthBayWaterbirds23342,Site 1,3,128,25,130,2,1,0,30
UTAH_3892012SouthBayWaterbirds23344,Site 1,3,121,20,137,15.33333333,1,8,15
UTAH_3892012SouthBayWaterbirds23344,Site 1,3,121,20,144,22.33333333,0,8,15
UTAH_3892012SouthBayWaterbirds23344,Site 1,3,121,20,130,8.333333333,1,8,15
UTAH_3892012SouthBayWaterbirds23345,Site 1,3,123,25,137,13.66666667,1,6,55
UTAH_3892012SouthBayWaterbirds23345,Site 1,3,123,25,144,20.66666667,0,6,55
UTAH_3892012SouthBayWaterbirds23345,Site 1,3,123,25,130,6.666666667,1,6,55
UTAH_3892012SouthBayWaterbirds23346,Site 1,2,130,30,130,0,0,6,65
UTAH_3892012SouthBayWaterbirds23347,Site 1,3,124,25,130,5.333333333,0,2,35
UTAH_3892012SouthBayWaterbirds23348,Site 1,3,125,10,130,4.666666667,1,8,10
UTAH_3892012SouthBayWaterbirds23348,Site 1,3,125,10,137,11.66666667,1,8,10
UTAH_3892012SouthBayWaterbirds23348,Site 1,3,125,10,144,18.66666667,0,8,10
UTAH_3892012SouthBayWaterbirds23349,Site 1,3,123,20,130,6.333333333,1,0,10
UTAH_3892012SouthBayWaterbirds23350,Site 1,3,123,30,130,6.666666667,0,0,15
UTAH_3892012SouthBayWaterbirds23351,Site 1,2,128,30,137,8.5,1,18,5
UTAH_3892012SouthBayWaterbirds23351,Site 1,2,128,30,144,15.5,0,18,5
UTAH_3892012SouthBayWaterbirds23352,Site 1,4,122,34,124,2,1,7,7
UTAH_3892012SouthBayWaterbirds23352,Site 1,4,122,34,130,8,0,7,7
UTAH_3892012SouthBayWaterbirds23353,Site 1,3,124,34,130,6,1,9,4
UTAH_3892012SouthBayWaterbirds23353,Site 1,3,124,34,137,13,1,9,4
UTAH_3892012SouthBayWaterbirds23353,Site 1,3,124,34,124,0,1,9,4
UTAH_3892012SouthBayWaterbirds23353,Site 1,3,124,34,144,20,0,9,4
UTAH_3892012SouthBayWaterbirds23354,Site 1,3,124,26,124,0,1,9,5
UTAH_3892012SouthBayWaterbirds23354,Site 1,3,124,26,130,6,0,9,5
UTAH_3892012SouthBayWaterbirds23355,Site 1,4,122,41,130,8,1,9.5,5
UTAH_3892012SouthBayWaterbirds23355,Site 1,4,122,41,137,15,1,9.5,5
UTAH_3892012SouthBayWaterbirds23355,Site 1,4,122,41,124,2,1,9.5,5
UTAH_3892012SouthBayWaterbirds23355,Site 1,4,122,41,144,22,0,9.5,5
UTAH_3892012SouthBayWaterbirds23360,Site 1,4,122,36,124,2,1,7,30
UTAH_3892012SouthBayWaterbirds23360,Site 1,4,122,36,144,22,0,7,30
UTAH_3892012SouthBayWaterbirds23360,Site 1,4,122,36,130,8,1,7,30
UTAH_3892012SouthBayWaterbirds23360,Site 1,4,122,36,137,15,1,7,30
UTAH_3892012SouthBayWaterbirds23361,Site 1,3,124,50,137,13,0,11,5
UTAH_3892012SouthBayWaterbirds23361,Site 1,3,124,50,124,0,1,11,5
UTAH_3892012SouthBayWaterbirds23361,Site 1,3,124,50,130,6,1,11,5
UTAH_3892012SouthBayWaterbirds23362,Site 1,5,122,41,124,2,1,10.5,25
UTAH_3892012SouthBayWaterbirds23362,Site 1,5,122,41,130,8,1,10.5,25
UTAH_3892012SouthBayWaterbirds23362,Site 1,5,122,41,137,15,1,10.5,25
UTAH_3892012SouthBayWaterbirds23362,Site 1,5,122,41,144,22,0,10.5,25
UTAH_3892012SouthBayWaterbirds23363,Site 1,3,118,38,124,5.666666667,1,7,30
UTAH_3892012SouthBayWaterbirds23363,Site 1,3,118,38,130,11.66666667,0,7,30
UTAH_3892012SouthBayWaterbirds23364,Site 1,2,151,7,151,0,1,7,10
UTAH_3892012SouthBayWaterbirds23365,Site 1,2,146,32,158,11.5,1,7,60
UTAH_3892012SouthBayWaterbirds23365,Site 1,2,146,32,165,18.5,0,7,60
UTAH_3892012SouthBayWaterbirds23365,Site 1,2,146,32,151,4.5,1,7,60
UTAH_3892012SouthBayWaterbirds23366,Site 1,4,143,15,158,15,1,9,15
UTAH_3892012SouthBayWaterbirds23366,Site 1,4,143,15,165,22,0,9,15
UTAH_3892012SouthBayWaterbirds23366,Site 1,4,143,15,151,8,1,9,15
UTAH_3892012SouthBayWaterbirds23367,Site 1,3,144,28,165,20.66666667,0,9,5
UTAH_3892012SouthBayWaterbirds23367,Site 1,3,144,28,151,6.666666667,1,9,5
UTAH_3892012SouthBayWaterbirds23367,Site 1,3,144,28,158,13.66666667,1,9,5
UTAH_3892012SouthBayWaterbirds23368,Site 1,3,145,28,165,20,0,7,20
UTAH_3892012SouthBayWaterbirds23368,Site 1,3,145,28,151,6,1,7,20
UTAH_3892012SouthBayWaterbirds23368,Site 1,3,145,28,158,13,1,7,20
UTAH_3892012SouthBayWaterbirds23369,Site 1,3,144,25,165,20.66666667,0,12,20
UTAH_3892012SouthBayWaterbirds23369,Site 1,3,144,25,151,6.666666667,1,12,20
UTAH_3892012SouthBayWaterbirds23369,Site 1,3,144,25,158,13.66666667,1,12,20
UTAH_3892012SouthBayWaterbirds23370,Site 1,3,143,27,151,7.333333333,1,5,20
UTAH_3892012SouthBayWaterbirds23370,Site 1,3,143,27,158,14.33333333,1,5,20
UTAH_3892012SouthBayWaterbirds23370,Site 1,3,143,27,165,21.33333333,0,5,20
UTAH_3892012SouthBayWaterbirds23371,Site 1,3,142,20,151,8.333333333,1,8,10
UTAH_3892012SouthBayWaterbirds23371,Site 1,3,142,20,158,15.33333333,1,8,10
UTAH_3892012SouthBayWaterbirds23371,Site 1,3,142,20,165,22.33333333,0,8,10
UTAH_3892012SouthBayWaterbirds23373,Site 1,3,146,40,151,5,1,6,45
UTAH_3892012SouthBayWaterbirds23373,Site 1,3,146,40,158,12,1,6,45
UTAH_3892012SouthBayWaterbirds23373,Site 1,3,146,40,165,19,0,6,45
UTAH_3892012SouthBayWaterbirds23374,Site 1,4,144,25,151,7,1,6,15
UTAH_3892012SouthBayWaterbirds23374,Site 1,4,144,25,158,14,1,6,15
UTAH_3892012SouthBayWaterbirds23374,Site 1,4,144,25,165,21,0,6,15
UTAH_3892012SouthBayWaterbirds23374,Site 1,4,144,25,144,0,1,6,15
UTAH_3892012SouthBayWaterbirds23375,Site 1,3,144,20,151,7,1,8,20
UTAH_3892012SouthBayWaterbirds23375,Site 1,3,144,20,158,14,1,8,20
UTAH_3892012SouthBayWaterbirds23375,Site 1,3,144,20,144,0,1,8,20
UTAH_3892012SouthBayWaterbirds23375,Site 1,3,144,20,165,21,0,8,20
UTAH_3892012SouthBayWaterbirds23376,Site 1,3,144,8,144,0,1,2,20
UTAH_3892012SouthBayWaterbirds23376,Site 1,3,144,8,151,7,1,2,20
UTAH_3892012SouthBayWaterbirds23376,Site 1,3,144,8,158,14,1,2,20
UTAH_3892012SouthBayWaterbirds23376,Site 1,3,144,8,165,21,0,2,20
UTAH_3892012SouthBayWaterbirds23377,Site 1,3,144,27,144,0,1,8,30
UTAH_3892012SouthBayWaterbirds23377,Site 1,3,144,27,151,7,1,8,30
UTAH_3892012SouthBayWaterbirds23377,Site 1,3,144,27,158,14,0,8,30
UTAH_3892012SouthBayWaterbirds23378,Site 1,3,144,25,144,0,1,6,40
UTAH_3892012SouthBayWaterbirds23378,Site 1,3,144,25,151,7,0,6,40
UTAH_3892012SouthBayWaterbirds23379,Site 1,4,144,35,144,0,1,2,15
UTAH_3892012SouthBayWaterbirds23379,Site 1,4,144,35,151,7,1,2,15
UTAH_3892012SouthBayWaterbirds23379,Site 1,4,144,35,158,14,1,2,15
UTAH_3892012SouthBayWaterbirds23379,Site 1,4,144,35,165,21,0,2,15
UTAH_3892012SouthBayWaterbirds23380,Site 1,3,144,15,144,0,1,4,10
UTAH_3892012SouthBayWaterbirds23380,Site 1,3,144,15,151,7,1,4,10
UTAH_3892012SouthBayWaterbirds23380,Site 1,3,144,15,158,14,1,4,10
UTAH_3892012SouthBayWaterbirds23380,Site 1,3,144,15,165,21,0,4,10
UTAH_3892012SouthBayWaterbirds23381,Site 1,2,144,8,144,0,1,9,5
UTAH_3892012SouthBayWaterbirds23381,Site 1,2,144,8,151,7,1,9,5
UTAH_3892012SouthBayWaterbirds23381,Site 1,2,144,8,158,14,0,9,5
UTAH_3892012SouthBayWaterbirds23382,Site 1,1,144,13,144,0,0,7,5
UTAH_3892012SouthBayWaterbirds23383,Site 1,4,144,17,158,14,1,15,10
UTAH_3892012SouthBayWaterbirds23383,Site 1,4,144,17,165,21,0,15,10
UTAH_3892012SouthBayWaterbirds23383,Site 1,4,144,17,151,7,1,15,10
UTAH_3892012SouthBayWaterbirds23383,Site 1,4,144,17,144,0,1,15,10
UTAH_3892012SouthBayWaterbirds23384,Site 1,2,144,45,144,0,1,3,25
UTAH_3892012SouthBayWaterbirds23384,Site 1,2,144,45,151,7,0,3,25
UTAH_3892012SouthBayWaterbirds23385,Site 1,1,143,37,144,1,0,10,22
UTAH_3892012SouthBayWaterbirds23386,Site 1,4,144,15,151,7,1,7,17
UTAH_3892012SouthBayWaterbirds23386,Site 1,4,144,15,158,14,1,7,17
UTAH_3892012SouthBayWaterbirds23386,Site 1,4,144,15,144,0,1,7,17
UTAH_3892012SouthBayWaterbirds23386,Site 1,4,144,15,165,21,0,7,17
UTAH_3892012SouthBayWaterbirds23387,Site 1,3,144,34,151,7,1,9,25
UTAH_3892012SouthBayWaterbirds23387,Site 1,3,144,34,158,14,1,9,25
UTAH_3892012SouthBayWaterbirds23387,Site 1,3,144,34,144,0,1,9,25
UTAH_3892012SouthBayWaterbirds23387,Site 1,3,144,34,165,21,0,9,25
UTAH_3892012SouthBayWaterbirds23388,Site 1,2,144,17,144,0,1,11,15
UTAH_3892012SouthBayWaterbirds23388,Site 1,2,144,17,151,7,1,11,15
UTAH_3892012SouthBayWaterbirds23388,Site 1,2,144,17,158,14,0,11,15
UTAH_3892012SouthBayWaterbirds23389,Site 1,4,144,34,144,0,1,11,10
UTAH_3892012SouthBayWaterbirds23389,Site 1,4,144,34,165,21,0,11,10
UTAH_3892012SouthBayWaterbirds23389,Site 1,4,144,34,151,7,1,11,10
UTAH_3892012SouthBayWaterbirds23389,Site 1,4,144,34,158,14,1,11,10
UTAH_3892012SouthBayWaterbirds23390,Site 1,4,144,20,144,0,1,12,20
UTAH_3892012SouthBayWaterbirds23390,Site 1,4,144,20,165,21,0,12,20
UTAH_3892012SouthBayWaterbirds23390,Site 1,4,144,20,151,7,1,12,20
UTAH_3892012SouthBayWaterbirds23390,Site 1,4,144,20,158,14,1,12,20
UTAH_3892012SouthBayWaterbirds23391,Site 1,3,144,12,158,14,1,10,10
UTAH_3892012SouthBayWaterbirds23391,Site 1,3,144,12,165,21,0,10,10
UTAH_3892012SouthBayWaterbirds23391,Site 1,3,144,12,144,0,1,10,10
UTAH_3892012SouthBayWaterbirds23391,Site 1,3,144,12,151,7,1,10,10
UTAH_3892012SouthBayWaterbirds23392,Site 1,3,144,12,158,14,1,6,10
UTAH_3892012SouthBayWaterbirds23392,Site 1,3,144,12,165,21,0,6,10
UTAH_3892012SouthBayWaterbirds23392,Site 1,3,144,12,151,7,1,6,10
UTAH_3892012SouthBayWaterbirds23392,Site 1,3,144,12,144,0,1,6,10
UTAH_3892012SouthBayWaterbirds23393,Site 1,3,144,31,144,0,1,18,5
UTAH_3892012SouthBayWaterbirds23393,Site 1,3,144,31,151,7,1,18,5
UTAH_3892012SouthBayWaterbirds23393,Site 1,3,144,31,158,14,0,18,5
UTAH_3892012SouthBayWaterbirds23394,Site 1,3,144,5,144,0,1,1,5
UTAH_3892012SouthBayWaterbirds23394,Site 1,3,144,5,165,21,0,1,5
UTAH_3892012SouthBayWaterbirds23394,Site 1,3,144,5,151,7,1,1,5
UTAH_3892012SouthBayWaterbirds23394,Site 1,3,144,5,158,14,1,1,5
UTAH_3892012SouthBayWaterbirds23395,Site 1,3,144,7,165,21,0,9,5
UTAH_3892012SouthBayWaterbirds23395,Site 1,3,144,7,144,0,1,9,5
UTAH_3892012SouthBayWaterbirds23395,Site 1,3,144,7,151,7,1,9,5
UTAH_3892012SouthBayWaterbirds23396,Site 1,4,144,7,144,0,1,12,2
UTAH_3892012SouthBayWaterbirds23396,Site 1,4,144,7,151,7,1,12,2
UTAH_3892012SouthBayWaterbirds23396,Site 1,4,144,7,158,14,0,12,2
UTAH_3892012SouthBayWaterbirds23397,Site 1,3,144,19,158,14,1,9,5
UTAH_3892012SouthBayWaterbirds23397,Site 1,3,144,19,144,0,1,9,5
UTAH_3892012SouthBayWaterbirds23397,Site 1,3,144,19,151,7,1,9,5
UTAH_3892012SouthBayWaterbirds23398,Site 1,1,144,15,144,0,0,4,55
UTAH_3892012SouthBayWaterbirds23399,Site 1,2,144,33,144,0,1,5,15
UTAH_3892012SouthBayWaterbirds23399,Site 1,2,144,33,151,7,1,5,15
UTAH_3892012SouthBayWaterbirds23399,Site 1,2,144,33,158,14,1,5,15
UTAH_3892012SouthBayWaterbirds23399,Site 1,2,144,33,165,21,0,5,15
UTAH_3892012SouthBayWaterbirds23400,Site 1,1,144,33,144,0,0,12,25
UTAH_3892012SouthBayWaterbirds23401,Site 1,3,144,24,151,7,1,4,10
UTAH_3892012SouthBayWaterbirds23401,Site 1,3,144,24,158,14,1,4,10
UTAH_3892012SouthBayWaterbirds23401,Site 1,3,144,24,144,0,1,4,10
UTAH_3892012SouthBayWaterbirds23401,Site 1,3,144,24,165,21,0,4,10
UTAH_3892012SouthBayWaterbirds23402,Site 1,3,144,11,151,7,1,7,10
UTAH_3892012SouthBayWaterbirds23402,Site 1,3,144,11,158,14,1,7,10
UTAH_3892012SouthBayWaterbirds23402,Site 1,3,144,11,165,21,0,7,10
UTAH_3892012SouthBayWaterbirds23402,Site 1,3,144,11,144,0,1,7,10
UTAH_3892012SouthBayWaterbirds23403,Site 1,1,144,17,144,0,0,6,10
UTAH_3892012SouthBayWaterbirds23404,Site 1,4,144,27,144,0,1,6,10
UTAH_3892012SouthBayWaterbirds23404,Site 1,4,144,27,165,21,0,6,10
UTAH_3892012SouthBayWaterbirds23404,Site 1,4,144,27,151,7,1,6,10
UTAH_3892012SouthBayWaterbirds23404,Site 1,4,144,27,158,14,1,6,10
UTAH_3892012SouthBayWaterbirds23597,Site 3,3,138,30,150,12,0,25,3
UTAH_3892012SouthBayWaterbirds23598,Site 3,4,133,27,150,16.25,1,26,5
UTAH_3892012SouthBayWaterbirds23598,Site 3,4,133,27,158,24.25,0,26,5
UTAH_3892012SouthBayWaterbirds23599,Site 3,3,134,39,150,16,0,24,9
UTAH_3892012SouthBayWaterbirds23600,Site 3,4,132,38,150,18,0,26,7
UTAH_3892012SouthBayWaterbirds23601,Site 3,3,134,38,150,16,1,26,12
UTAH_3892012SouthBayWaterbirds23601,Site 3,3,134,38,158,24,0,26,12
UTAH_3892012SouthBayWaterbirds23602,Site 3,2,137,38,150,13,0,24,8
UTAH_3892012SouthBayWaterbirds23603,Site 3,3,134,36,150,15.5,1,23,5
UTAH_3892012SouthBayWaterbirds23603,Site 3,3,134,36,158,23.5,0,23,5
UTAH_3892012SouthBayWaterbirds23604,Site 3,4,140,34,150,10,1,23,10
UTAH_3892012SouthBayWaterbirds23604,Site 3,4,140,34,158,18,0,23,10
UTAH_3892012SouthBayWaterbirds23605,Site 3,4,131,37,150,19,1,23,10
UTAH_3892012SouthBayWaterbirds23605,Site 3,4,131,37,158,27,1,23,10
UTAH_3892012SouthBayWaterbirds23606,Site 3,4,132,35,150,17.5,1,24,6
UTAH_3892012SouthBayWaterbirds23606,Site 3,4,132,35,158,25.5,0,24,6
UTAH_3892012SouthBayWaterbirds23607,Site 3,3,133,36,150,17,1,26,5
UTAH_3892012SouthBayWaterbirds23607,Site 3,3,133,36,158,25,0,26,5
UTAH_3892012SouthBayWaterbirds23608,Site 3,4,138,30,150,11.25,1,24,5
UTAH_3892012SouthBayWaterbirds23608,Site 3,4,138,30,158,19.25,0,24,5
UTAH_3892012SouthBayWaterbirds23609,Site 3,3,134,43,150,15.33333333,0,25,3
UTAH_3892012SouthBayWaterbirds23610,Site 3,3,134,34,150,15.66666667,0,23,8
UTAH_3892012SouthBayWaterbirds23611,Site 3,4,130,38,150,19.25,1,26,10
UTAH_3892012SouthBayWaterbirds23611,Site 3,4,130,38,158,27.25,0,26,10
UTAH_3892012SouthBayWaterbirds23612,Site 3,4,143,27,150,7,1,23,3
UTAH_3892012SouthBayWaterbirds23612,Site 3,4,143,27,158,15,1,23,3
UTAH_3892012SouthBayWaterbirds23612,Site 3,4,143,27,165,22,0,23,3
UTAH_3892012SouthBayWaterbirds23613,Site 3,3,142,37,150,7.666666667,0,29,5
UTAH_3892012SouthBayWaterbirds23614,Site 3,2,136,45,150,13.5,1,23,7
UTAH_3892012SouthBayWaterbirds23614,Site 3,2,136,45,158,21.5,1,23,7
UTAH_3892012SouthBayWaterbirds23614,Site 3,2,136,45,165,28.5,0,23,7
UTAH_3892012SouthBayWaterbirds23615,Site 3,2,147,28,150,3,0,27,3
UTAH_3892012SouthBayWaterbirds23616,Site 3,4,141,26,150,9,1,24,3
UTAH_3892012SouthBayWaterbirds23616,Site 3,4,141,26,158,17,1,24,3
UTAH_3892012SouthBayWaterbirds23616,Site 3,4,141,26,165,24,0,24,3
UTAH_3892012SouthBayWaterbirds23617,Site 3,4,133,35,150,16.5,0,22,8
UTAH_3892012SouthBayWaterbirds23618,Site 3,3,141,33,150,8.666666667,1,26,3
UTAH_3892012SouthBayWaterbirds23618,Site 3,3,141,33,158,16.66666667,1,26,3
UTAH_3892012SouthBayWaterbirds23618,Site 3,3,141,33,165,23.66666667,0,26,3
UTAH_3892012SouthBayWaterbirds23619,Site 3,3,144,27,150,6,1,27,3
UTAH_3892012SouthBayWaterbirds23619,Site 3,3,144,27,158,14,1,27,3
UTAH_3892012SouthBayWaterbirds23619,Site 3,3,144,27,165,21,0,27,3
UTAH_3892012SouthBayWaterbirds23620,Site 3,4,132,45,150,18,0,23,8
UTAH_3892012SouthBayWaterbirds23621,Site 3,4,132,28,150,17.75,0,25,5
UTAH_3892012SouthBayWaterbirds23622,Site 3,3,134,34,150,16,0,24,3
UTAH_3892012SouthBayWaterbirds23623,Site 3,2,137,27,150,12.5,0,27,2
UTAH_3892012SouthBayWaterbirds23624,Site 3,4,137,33,150,13,0,28,4
UTAH_3892012SouthBayWaterbirds23625,Site 3,3,133,35,150,16.66666667,1,24,8
UTAH_3892012SouthBayWaterbirds23625,Site 3,3,133,35,158,24.66666667,0,24,8
UTAH_3892012SouthBayWaterbirds23626,Site 3,3,134,35,150,15.66666667,0,26,7
UTAH_3892012SouthBayWaterbirds23627,Site 3,2,150,36,158,7.5,1,33,15
UTAH_3892012SouthBayWaterbirds23627,Site 3,2,150,36,165,14.5,0,33,15
UTAH_3892012SouthBayWaterbirds23628,Site 3,4,138,40,158,19.5,0,30,10
UTAH_3892012SouthBayWaterbirds23629,Site 3,3,149,41,158,8.333333333,1,30,10
UTAH_3892012SouthBayWaterbirds23629,Site 3,3,149,41,165,15.33333333,1,30,10
UTAH_3892012SouthBayWaterbirds23629,Site 3,3,149,41,172,22.33333333,0,30,10
UTAH_3892012SouthBayWaterbirds23630,Site 3,4,149,28,158,8.5,1,15,25
UTAH_3892012SouthBayWaterbirds23630,Site 3,4,149,28,165,15.5,1,15,25
UTAH_3892012SouthBayWaterbirds23630,Site 3,4,149,28,172,22.5,0,15,25
UTAH_3892012SouthBayWaterbirds23632,Site 3,4,165,60,165,0,1,24,30
UTAH_3892012SouthBayWaterbirds23632,Site 3,4,165,60,172,7,1,24,30
UTAH_3892012SouthBayWaterbirds23632,Site 3,4,165,60,179,14,0,24,30
UTAH_3892012SouthBayWaterbirds23633,Site 3,3,158,45,165,6.333333333,1,24,8
UTAH_3892012SouthBayWaterbirds23633,Site 3,3,158,45,172,13.33333333,0,24,8
UTAH_3892012SouthBayWaterbirds23634,Site 3,2,162,60,165,3,1,21,20
UTAH_3892012SouthBayWaterbirds23634,Site 3,2,162,60,172,10,1,21,20
UTAH_3892012SouthBayWaterbirds23634,Site 3,2,162,60,179,17,0,21,20
UTAH_3892012SouthBayWaterbirds23635,Site 3,3,163,73,165,2,1,28,40
UTAH_3892012SouthBayWaterbirds23635,Site 3,3,163,73,172,9,1,28,40
UTAH_3892012SouthBayWaterbirds23635,Site 3,3,163,73,179,16,0,28,40
UTAH_3892012SouthBayWaterbirds23636,Site 3,3,163,63,165,2,1,24,15
UTAH_3892012SouthBayWaterbirds23636,Site 3,3,163,63,172,9,1,24,15
UTAH_3892012SouthBayWaterbirds23636,Site 3,3,163,63,179,16,0,24,15
UTAH_3892012SouthBayWaterbirds23637,Site 3,3,163,65,165,2,1,25,20
UTAH_3892012SouthBayWaterbirds23637,Site 3,3,163,65,172,9,1,25,20
UTAH_3892012SouthBayWaterbirds23637,Site 3,3,163,65,179,16,0,25,20
UTAH_3892012SouthBayWaterbirds23638,Site 3,3,159,60,165,5.333333333,1,25,15
UTAH_3892012SouthBayWaterbirds23638,Site 3,3,159,60,172,12.33333333,1,25,15
UTAH_3892012SouthBayWaterbirds23638,Site 3,3,159,60,179,19.33333333,0,25,15
